[
	{
		"module": "zhanglm",
		"path": "",
		"model": "",
		"method": "",
		"name": "平台管理",
		"type": 1,
		"icon": "icon-woocons-iphone",
		"isDisable": false
	},
	{
		"module": "zhanglm",
		"path": "",
		"model": "messageTemplate",
		"method": "index",
		"name": "消息模板管理",
		"type": 2,
		"icon": "icon-woocons-mail",
		"isDisable": false
	},
	{
		"module": "zhanglm",
		"path": "",
		"model": "tabbar",
		"method": "index",
		"name": "TabBar管理",
		"type": 2,
		"icon": "icon-woocons-button-color-circle",
		"isDisable": false
	},
	{
		"module": "zhanglm",
		"path": "",
		"model": "banner",
		"method": "index",
		"name": "广告图管理",
		"type": 2,
		"icon": "icon-woocons-pictures",
		"isDisable": false
	},
	{
		"module": "zhanglm",
		"path": "",
		"model": "appVersions",
		"method": "index",
		"name": "app版本管理",
		"type": 2,
		"icon": "icon-woocons-iphone",
		"isDisable": false
	},
	{
		"module": "zhanglm",
		"path": "",
		"model": "default",
		"method": "index",
		"name": "用户默认头像管理",
		"type": 2,
		"icon": "icon-woocons-user",
		"isDisable": false
	},
	{
		"module": "zhanglm",
		"path": "",
		"model": "activityPicture",
		"method": "index",
		"name": "首页活动图片管理",
		"type": 2,
		"icon": "icon-woocons-black-board",
		"isDisable": false
	},
	{
		"module": "zhanglm",
		"path": "",
		"model": "download",
		"method": "index",
		"name": "下载路径管理",
		"type": 2,
		"icon": "icon-woocons-arrow-down",
		"isDisable": false
	},
	{
		"module": "zhanglm",
		"path": "",
		"model": "sharePage",
		"method": "index",
		"name": "分享页面管理",
		"type": 2,
		"icon": "icon-woocons-button-white-check",
		"isDisable": false
	},
	{
		"module": "zhanglm",
		"path": "bbs",
		"model": "",
		"method": "",
		"name": "圈子管理",
		"type": 1,
		"icon": "icon-woocons-comment",
		"isDisable": false
	},
	{
		"module": "zhanglm",
		"path": "bbs",
		"model": "bbsMenu",
		"method": "index",
		"name": "圈子菜单管理",
		"type": 2,
		"icon": "icon-woocons-note-pinned",
		"isDisable": false
	},
	{
		"module": "zhanglm",
		"path": "bbs",
		"model": "bbsTopic",
		"method": "topicIndex",
		"name": "已发布的话题",
		"type": 2,
		"icon": "icon-woocons-document-checklist",
		"isDisable": false
	},
	{
		"module": "zhanglm",
		"path": "bbs",
		"model": "bbsTopic",
		"method": "index",
		"name": "圈子话题发布",
		"type": 2,
		"icon": "icon-woocons-comment-add",
		"isDisable": false
	},
	{
		"module": "zhanglm",
		"path": "bbs",
		"model": "bbsTopic",
		"method": "audit",
		"name": "圈子话题审核",
		"type": 2,
		"icon": "icon-woocons-comment-edit",
		"isDisable": false
	},
	{
		"module": "zhanglm",
		"path": "bbs",
		"model": "bbsTopicAuditLog",
		"method": "index",
		"name": "话题审核记录",
		"type": 2,
		"icon": "icon-woocons-pencil",
		"isDisable": false
	},
	{
		"module": "zhanglm",
		"path": "plaza",
		"model": "",
		"method": "",
		"name": "广场管理",
		"type": 1,
		"icon": "icon-woocons-button-burn",
		"isDisable": false
	},
	{
		"module": "zhanglm",
		"path": "plaza",
		"model": "adMap",
		"method": "index",
		"name": "广场广告图管理",
		"type": 2,
		"icon": "icon-woocons-pictures",
		"isDisable": false
	},
	{
		"module": "zhanglm",
		"path": "plaza",
		"model": "plazaData",
		"method": "index",
		"name": "广场数据列表",
		"type": 2,
		"icon": "icon-woocons-document",
		"isDisable": false
	},
	{
		"module": "zhanglm",
		"path": "zhibo",
		"model": "",
		"method": "",
		"name": "直播室管理",
		"type": 1,
		"icon": "icon-woocons-movies",
		"isDisable": false
	},
	{
		"module": "zhanglm",
		"path": "zhibo",
		"model": "specialColumn",
		"method": "index",
		"name": "专栏分类管理",
		"type": 2,
		"icon": "icon-woocons-black-board",
		"isDisable": false
	},
	{
		"module": "zhanglm",
		"path": "zhibo",
		"model": "zhiboLive",
		"method": "index",
		"name": "直播发布",
		"type": 2,
		"icon": "icon-woocons-disc-dvd",
		"isDisable": false
	},
	{
		"module": "zhanglm",
		"path": "zhibo",
		"model": "zhiboLive",
		"method": "indexAll",
		"name": "已发布的直播",
		"type": 2,
		"icon": "icon-woocons-disc-blu-ray",
		"isDisable": false
	},
	{
		"module": "memberManage",
		"path": "",
		"model": "",
		"method": "",
		"name": "会员管理",
		"type": 1,
		"icon": "icon-woocons-user",
		"isDisable": false
	},
	{
		"module": "memberManage",
		"path": "",
		"model": "member",
		"method": "index",
		"name": "会员列表",
		"type": 2,
		"icon": "icon-woocons-users",
		"isDisable": false
	},
	{
		"module": "memberManage",
		"path": "",
		"model": "openAccoLog",
		"method": "index",
		"name": "预约开户列表",
		"type": 2,
		"icon": "icon-woocons-document-edit",
		"isDisable": false
	},
	{
		"module": "productManage",
		"path": "",
		"model": "",
		"method": "",
		"name": "产品管理",
		"type": 1,
		"icon": "icon-woocons-drawer-open",
		"isDisable": false
	},
	{
		"module": "productManage",
		"path": "",
		"model": "snapshot",
		"method": "index",
		"name": "黄金产品列表",
		"type": 2,
		"icon": "icon-woocons-system-equalizer",
		"isDisable": false
	},
	{
		"module": "serverManage",
		"path": "",
		"model": "",
		"method": "",
		"name": "客服管理",
		"type": 1,
		"icon": "icon-woocons-smiley-happy",
		"isDisable": false
	},
	{
		"module": "serverManage",
		"path": "",
		"model": "serverCategory",
		"method": "index",
		"name": "客服类别管理",
		"type": 2,
		"icon": "icon-woocons-star-on",
		"isDisable": false
	},
	{
		"module": "serverManage",
		"path": "",
		"model": "serverQuestion",
		"method": "index",
		"name": "常见问题管理",
		"type": 2,
		"icon": "icon-woocons-document-checklist",
		"isDisable": false
	},
	{
		"module": "serverManage",
		"path": "",
		"model": "serverFeedback",
		"method": "index",
		"name": "反馈意见管理",
		"type": 2,
		"icon": "icon-woocons-mail-open",
		"isDisable": false
	},
	{
		"module": "financeManage",
		"path": "",
		"model": "",
		"method": "",
		"name": "财务管理",
		"type": 1,
		"icon": "icon-woocons-bookmarks",
		"isDisable": false
	},
	{
		"module": "financeManage",
		"path": "",
		"model": "withdrawAudit",
		"method": "index",
		"name": "提现审核",
		"type": 2,
		"icon": "icon-woocons-comment-edit",
		"isDisable": false
	},
	{
		"module": "financeManage",
		"path": "",
		"model": "withdrawLog",
		"method": "index",
		"name": "提现审核记录",
		"type": 2,
		"icon": "icon-woocons-document-edit",
		"isDisable": false
	},
	{
		"module": "statistics",
		"path": "",
		"model": "",
		"method": "",
		"name": "数据统计",
		"type": 1,
		"icon": "icon-woocons-chart",
		"isDisable": false
	},
	{
		"module": "statistics",
		"path": "",
		"model": "memberLog",
		"method": "registerIndex",
		"name": "平台用户统计",
		"type": 2,
		"icon": "icon-woocons-chart-pie",
		"isDisable": false
	},
	{
		"module": "statistics",
		"path": "",
		"model": "memberLog",
		"method": "index",
		"name": "注册统计报表",
		"type": 2,
		"icon": "icon-woocons-chart-bar",
		"isDisable": false
	},{
		"module": "statistics",
		"path": "",
		"model": "bbsFan",
		"method": "index",
		"name": "圈子会员统计",
		"type": 2,
		"icon": "icon-woocons-chart-pie",
		"isDisable": false
	}
]